round,accuracy,turns,words,mean_re_length,mean_lexical_overlap
1,91.66666666666666,28,556,32.166666666666664,0.0
2,91.66666666666666,30,590,33.583333333333336,0.16242267014127762
3,91.66666666666666,26,494,31.416666666666668,0.16539567313835085
4,83.33333333333334,24,423,26.166666666666668,0.14518938412350493
