round,accuracy,turns,words,mean_re_length,mean_lexical_overlap
1,83.33333333333334,30,531,30.666666666666668,0.0
2,100.0,30,234,11.25,0.05866583209803549
3,83.33333333333334,46,389,17.75,0.10836739792750348
4,83.33333333333334,86,426,13.333333333333334,0.06139314767360098
