round,accuracy,turns,words,mean_re_length,mean_lexical_overlap
1,100.0,24,1083,40.25,0.0
2,100.0,24,1039,39.25,0.22275545527708515
3,75.0,24,1074,40.75,0.2010095870462263
4,83.33333333333334,27,1175,42.083333333333336,0.16806956251350827
