round,avg_accuracy,std_accuracy,avg_words_per_round,std_words_per_round,avg_words_per_turn,std_words_per_turn,avg_words_per_utterance,std_words_per_utterance,avg_utterances_per_turn,std_utterances_per_turn,avg_utterances_per_round,std_utterances_per_round,avg_turns_per_round,std_turns_per_round,avg_round_duration_seconds,std_round_duration_seconds,avg_round_duration,std_round_duration,avg_turn_duration_seconds,std_turn_duration_seconds,avg_turn_duration,std_turn_duration,avg_utterance_duration_seconds,std_utterance_duration_seconds,avg_utterance_duration,std_utterance_duration
1,80.2083333340625,19.486002696155946,449.46875,345.7607773027006,15.78171880851094,13.35175311377112,9.767559000286077,5.017104246407741,1.618467704440907,1.1790318584928938,47.875,37.22880431826601,35.53125,25.95154837198016,1133.97,683.96,00:18:53,00:11:23,18.73,41.18,00:00:18,00:00:41,29.22,15.53,00:00:29,00:00:15
2,86.4583333334375,19.940547836886786,304.90625,174.96918795568254,19.442376522865484,29.141708567576924,8.827669583788671,4.581161359235824,1.8811987694461516,1.6154913619596334,37.78125,21.812595318213035,28.21875,16.25747346755907,725.53,414.42,00:12:05,00:06:54,27.81,62.56,00:00:27,00:01:02,22.38,10.46,00:00:22,00:00:10
3,90.3645833334375,19.52727334142731,252.40625,156.86194040229833,17.814495368418285,24.10697281307671,7.874557562404732,3.780148526555181,2.001989547402923,1.6028888875919363,33.46875,19.66326913882345,24.1875,15.327473751825616,550.59,286.78,00:09:10,00:04:46,25.68,50.24,00:00:25,00:00:50,19.42,11.33,00:00:19,00:00:11
4,92.1875,15.830857191666503,221.9375,206.57857014986163,19.600588935464604,29.278524675347487,6.9509282270481805,3.797733905824591,2.5997876594453775,3.2386080406551025,33.5,30.68466045268831,23.5625,17.19890750468874,440.28,303.61,00:07:20,00:05:03,30.15,64.4,00:00:30,00:01:04,15.4,8.62,00:00:15,00:00:08
