round,accuracy,turns,words,mean_re_length,mean_lexical_overlap
1,100.0,24,1083,38.083333333333336,0.0
2,100.0,24,1039,39.75,0.21393191368284847
3,75.0,24,1074,40.916666666666664,0.20182561877154967
4,83.33333333333334,27,1175,42.0,0.1709924162428136
